Current Month Return,Prior 5 Months Return,Max Drawdown 6M,Rating,Expected Allocation This Month
50,50,-0.1,99.99,"375,000.00 €"
50,50,-0.2,99.99,"375,000.00 €"
50,50,-0.3,99.99,"375,000.00 €"
50,50,-0.4,99.98,"375,000.00 €"
50,50,-0.5,99.98,"375,000.00 €"
50,50,-0.6,99.97,"375,000.00 €"
50,50,-0.7,99.95,"375,000.00 €"
50,50,-0.8,99.94,"375,000.00 €"
50,50,-0.9,99.92,"375,000.00 €"
50,50,-1.0,99.90,"375,000.00 €"
50,50,-1.1,99.87,"375,000.00 €"
50,50,-1.2,99.85,"375,000.00 €"
50,50,-1.3,99.82,"375,000.00 €"
50,50,-1.4,99.79,"375,000.00 €"
50,50,-1.5,99.76,"375,000.00 €"
50,50,-1.6,99.72,"375,000.00 €"
50,50,-1.7,99.68,"375,000.00 €"
50,50,-1.8,99.65,"375,000.00 €"
50,50,-1.9,99.60,"375,000.00 €"
50,50,-2.0,99.56,"375,000.00 €"
50,50,-2.1,99.51,"375,000.00 €"
50,50,-2.2,99.47,"375,000.00 €"
50,50,-2.3,99.42,"375,000.00 €"
50,50,-2.4,99.36,"375,000.00 €"
50,50,-2.5,99.31,"375,000.00 €"
50,50,-2.6,99.26,"375,000.00 €"
50,50,-2.7,99.20,"375,000.00 €"
50,50,-2.8,99.14,"375,000.00 €"
50,50,-2.9,99.08,"375,000.00 €"
50,50,-3.0,99.02,"375,000.00 €"
50,50,-3.1,98.96,"375,000.00 €"
50,50,-3.2,98.89,"375,000.00 €"
50,50,-3.3,98.83,"375,000.00 €"
50,50,-3.4,98.76,"375,000.00 €"
50,50,-3.5,98.69,"375,000.00 €"
50,50,-3.6,98.62,"375,000.00 €"
50,50,-3.7,98.55,"375,000.00 €"
50,50,-3.8,98.48,"375,000.00 €"
50,50,-3.9,98.41,"375,000.00 €"
50,50,-4.0,98.34,"375,000.00 €"
50,50,-4.1,98.27,"375,000.00 €"
50,50,-4.2,98.19,"375,000.00 €"
50,50,-4.3,98.12,"375,000.00 €"
50,50,-4.4,98.04,"375,000.00 €"
50,50,-4.5,97.97,"375,000.00 €"
50,50,-4.6,97.89,"375,000.00 €"
50,50,-4.7,97.81,"375,000.00 €"
50,50,-4.8,97.74,"375,000.00 €"
50,50,-4.9,97.66,"375,000.00 €"
50,50,-5.0,97.58,"375,000.00 €"
50,50,-5.1,97.50,"375,000.00 €"
50,50,-5.2,97.43,"375,000.00 €"
50,50,-5.3,97.35,"375,000.00 €"
50,50,-5.4,97.27,"265,000.00 €"
50,50,-5.5,97.19,"265,000.00 €"
50,50,-5.6,97.11,"265,000.00 €"
50,50,-5.7,97.03,"265,000.00 €"
50,50,-5.8,96.96,"265,000.00 €"
50,50,-5.9,96.88,"265,000.00 €"
50,50,-6.0,96.80,"265,000.00 €"
50,50,-6.1,96.72,"220,000.00 €"
50,50,-6.2,96.64,"220,000.00 €"
50,50,-6.3,96.57,"190,000.00 €"
50,50,-6.4,96.49,"190,000.00 €"
50,50,-6.5,96.41,"190,000.00 €"
50,50,-6.6,96.33,"190,000.00 €"
50,50,-6.7,96.26,"190,000.00 €"
50,50,-6.8,96.18,"190,000.00 €"
50,50,-6.9,96.11,"165,000.00 €"
50,50,-7.0,96.03,"165,000.00 €"
50,50,-7.1,95.96,"165,000.00 €"
50,50,-7.2,95.88,"115,000.00 €"
50,50,-7.3,95.81,"110,000.00 €"
50,50,-7.4,95.73,"110,000.00 €"
50,50,-7.5,95.66,"100,000.00 €"
50,50,-7.6,95.59,"95,000.00 €"
50,50,-7.7,95.52,"90,000.00 €"
50,50,-7.8,95.44,"90,000.00 €"
50,50,-7.9,95.37,"90,000.00 €"
50,50,-8.0,95.30,"90,000.00 €"
50,50,-8.1,95.23,"90,000.00 €"
50,50,-8.2,95.16,"90,000.00 €"
50,50,-8.3,95.09,"90,000.00 €"
50,50,-8.4,95.03,"85,000.00 €"
50,50,-8.5,94.96,"85,000.00 €"
50,50,-8.6,94.89,"85,000.00 €"
50,50,-8.7,94.83,"80,000.00 €"
50,50,-8.8,94.76,"80,000.00 €"
50,50,-8.9,94.70,"80,000.00 €"
50,50,-9.0,94.63,"75,000.00 €"
50,50,-9.1,94.57,"75,000.00 €"
50,50,-9.2,94.50,"75,000.00 €"
50,50,-9.3,94.44,"75,000.00 €"
50,50,-9.4,94.38,"75,000.00 €"
50,50,-9.5,94.32,"75,000.00 €"
50,50,-9.6,94.26,"75,000.00 €"
50,50,-9.7,94.20,"75,000.00 €"
50,50,-9.8,94.14,"75,000.00 €"
50,50,-9.9,94.08,"75,000.00 €"
50,50,-10.0,94.02,"75,000.00 €"
50,50,-10.1,93.97,"75,000.00 €"
50,50,-10.2,93.91,"75,000.00 €"
50,50,-10.3,93.85,"75,000.00 €"
50,50,-10.4,93.80,"75,000.00 €"
50,50,-10.5,93.75,"70,000.00 €"
50,50,-10.6,93.69,"70,000.00 €"
50,50,-10.7,93.64,"70,000.00 €"
50,50,-10.8,93.59,"70,000.00 €"
50,50,-10.9,93.53,"70,000.00 €"
50,50,-11.0,93.48,"70,000.00 €"
50,50,-11.1,93.43,"70,000.00 €"
50,50,-11.2,93.38,"70,000.00 €"
50,50,-11.3,93.33,"70,000.00 €"
50,50,-11.4,93.28,"70,000.00 €"
50,50,-11.5,93.23,"65,000.00 €"
50,50,-11.6,93.19,"65,000.00 €"
50,50,-11.7,93.14,"65,000.00 €"
50,50,-11.8,93.09,"65,000.00 €"
50,50,-11.9,93.05,"65,000.00 €"
50,50,-12.0,93.00,"65,000.00 €"
50,50,-12.1,92.96,"65,000.00 €"
50,50,-12.2,92.91,"65,000.00 €"
50,50,-12.3,92.87,"65,000.00 €"
50,50,-12.4,92.83,"65,000.00 €"
50,50,-12.5,92.78,"65,000.00 €"
50,50,-12.6,92.74,"65,000.00 €"
50,50,-12.7,92.70,"65,000.00 €"
50,50,-12.8,92.66,"65,000.00 €"
50,50,-12.9,92.62,"65,000.00 €"
50,50,-13.0,92.58,"65,000.00 €"
50,50,-13.1,92.54,"65,000.00 €"
50,50,-13.2,92.50,"65,000.00 €"
50,50,-13.3,92.46,"65,000.00 €"
50,50,-13.4,92.42,"65,000.00 €"
50,50,-13.5,92.38,"65,000.00 €"
50,50,-13.6,92.35,"65,000.00 €"
50,50,-13.7,92.31,"65,000.00 €"
50,50,-13.8,92.27,"65,000.00 €"
50,50,-13.9,92.24,"65,000.00 €"
50,50,-14.0,92.20,"65,000.00 €"
50,50,-14.1,92.17,"65,000.00 €"
50,50,-14.2,92.13,"65,000.00 €"
50,50,-14.3,92.10,"65,000.00 €"
50,50,-14.4,92.06,"65,000.00 €"
50,50,-14.5,92.03,"65,000.00 €"
50,50,-14.6,92.00,"65,000.00 €"
50,50,-14.7,91.97,"65,000.00 €"
50,50,-14.8,91.93,"65,000.00 €"
50,50,-14.9,91.90,"65,000.00 €"
50,50,-15.0,91.87,"65,000.00 €"
50,50,-15.1,91.84,"65,000.00 €"
50,50,-15.2,91.81,"65,000.00 €"
50,50,-15.3,91.78,"65,000.00 €"
50,50,-15.4,91.75,"65,000.00 €"
50,50,-15.5,91.72,"65,000.00 €"
50,50,-15.6,91.69,"65,000.00 €"
50,50,-15.7,91.66,"65,000.00 €"
50,50,-15.8,91.63,"65,000.00 €"
50,50,-15.9,91.60,"65,000.00 €"
50,50,-16.0,91.58,"65,000.00 €"
50,50,-16.1,91.55,"65,000.00 €"
50,50,-16.2,91.52,"65,000.00 €"
50,50,-16.3,91.49,"60,000.00 €"
50,50,-16.4,91.47,"60,000.00 €"
50,50,-16.5,91.44,"60,000.00 €"
50,50,-16.6,91.41,"60,000.00 €"
50,50,-16.7,91.39,"60,000.00 €"
50,50,-16.8,91.36,"60,000.00 €"
50,50,-16.9,91.34,"60,000.00 €"
50,50,-17.0,91.31,"60,000.00 €"
50,50,-17.1,91.29,"60,000.00 €"
50,50,-17.2,91.26,"60,000.00 €"
50,50,-17.3,91.24,"60,000.00 €"
50,50,-17.4,91.21,"60,000.00 €"
50,50,-17.5,91.19,"60,000.00 €"
50,50,-17.6,91.17,"60,000.00 €"
50,50,-17.7,91.14,"60,000.00 €"
50,50,-17.8,91.12,"60,000.00 €"
50,50,-17.9,91.10,"60,000.00 €"
50,50,-18.0,91.08,"60,000.00 €"
50,50,-18.1,91.05,"60,000.00 €"
50,50,-18.2,91.03,"60,000.00 €"
50,50,-18.3,91.01,"60,000.00 €"
50,50,-18.4,90.99,"60,000.00 €"
50,50,-18.5,90.97,"60,000.00 €"
50,50,-18.6,90.95,"60,000.00 €"
50,50,-18.7,90.92,"60,000.00 €"
50,50,-18.8,90.90,"60,000.00 €"
50,50,-18.9,90.88,"60,000.00 €"
50,50,-19.0,90.86,"60,000.00 €"
50,50,-19.1,90.84,"60,000.00 €"
50,50,-19.2,90.82,"60,000.00 €"
50,50,-19.3,90.80,"60,000.00 €"
50,50,-19.4,90.79,"60,000.00 €"
50,50,-19.5,90.77,"60,000.00 €"
50,50,-19.6,90.75,"60,000.00 €"
50,50,-19.7,90.73,"60,000.00 €"
50,50,-19.8,90.71,"60,000.00 €"
50,50,-19.9,90.69,"60,000.00 €"
50,50,-20.0,90.67,"55,000.00 €"
50,50,-20.1,90.66,"55,000.00 €"
50,50,-20.2,90.64,"55,000.00 €"
50,50,-20.3,90.62,"55,000.00 €"
50,50,-20.4,90.60,"55,000.00 €"
50,50,-20.5,90.59,"55,000.00 €"
50,50,-20.6,90.57,"55,000.00 €"
50,50,-20.7,90.55,"55,000.00 €"
50,50,-20.8,90.53,"55,000.00 €"
50,50,-20.9,90.52,"55,000.00 €"
50,50,-21.0,90.50,"55,000.00 €"
50,50,-21.1,90.49,"55,000.00 €"
50,50,-21.2,90.47,"55,000.00 €"
50,50,-21.3,90.45,"55,000.00 €"
50,50,-21.4,90.44,"55,000.00 €"
50,50,-21.5,90.42,"55,000.00 €"
50,50,-21.6,90.41,"55,000.00 €"
50,50,-21.7,90.39,"55,000.00 €"
50,50,-21.8,90.38,"55,000.00 €"
50,50,-21.9,90.36,"55,000.00 €"
50,50,-22.0,90.35,"55,000.00 €"
50,50,-22.1,90.33,"50,000.00 €"
50,50,-22.2,90.32,"50,000.00 €"
50,50,-22.3,90.31,"50,000.00 €"
50,50,-22.4,90.29,"50,000.00 €"
50,50,-22.5,90.28,"50,000.00 €"
50,50,-22.6,90.26,"50,000.00 €"
50,50,-22.7,90.25,"50,000.00 €"
50,50,-22.8,90.24,"50,000.00 €"
50,50,-22.9,90.22,"50,000.00 €"
50,50,-23.0,90.21,"50,000.00 €"
50,50,-23.1,90.20,"50,000.00 €"
50,50,-23.2,90.19,"50,000.00 €"
50,50,-23.3,90.17,"50,000.00 €"
50,50,-23.4,90.16,"50,000.00 €"
50,50,-23.5,90.15,"50,000.00 €"
50,50,-23.6,90.14,"50,000.00 €"
50,50,-23.7,90.12,"50,000.00 €"
50,50,-23.8,90.11,"50,000.00 €"
50,50,-23.9,90.10,"50,000.00 €"
50,50,-24.0,90.09,"50,000.00 €"
50,50,-24.1,90.08,"50,000.00 €"
50,50,-24.2,90.06,"50,000.00 €"
50,50,-24.3,90.05,"50,000.00 €"
50,50,-24.4,90.04,"50,000.00 €"
50,50,-24.5,90.03,"50,000.00 €"
50,50,-24.6,90.02,"50,000.00 €"
50,50,-24.7,90.01,"50,000.00 €"
50,50,-24.8,90.00,"50,000.00 €"
50,50,-24.9,89.99,"50,000.00 €"
50,50,-25.0,89.98,"50,000.00 €"
50,50,-25.1,89.97,"50,000.00 €"
50,50,-25.2,89.96,"50,000.00 €"
50,50,-25.3,89.95,"50,000.00 €"
50,50,-25.4,89.94,"50,000.00 €"
50,50,-25.5,89.93,"50,000.00 €"
50,50,-25.6,89.92,"50,000.00 €"
50,50,-25.7,89.91,"50,000.00 €"
50,50,-25.8,89.90,"50,000.00 €"
50,50,-25.9,89.89,"50,000.00 €"
50,50,-26.0,89.88,"50,000.00 €"
50,50,-26.1,89.87,"50,000.00 €"
50,50,-26.2,89.86,"50,000.00 €"
50,50,-26.3,89.85,"50,000.00 €"
50,50,-26.4,89.84,"50,000.00 €"
50,50,-26.5,89.83,"50,000.00 €"
50,50,-26.6,89.82,"50,000.00 €"
50,50,-26.7,89.82,"50,000.00 €"
50,50,-26.8,89.81,"50,000.00 €"
50,50,-26.9,89.80,"50,000.00 €"
50,50,-27.0,89.79,"50,000.00 €"
50,50,-27.1,89.78,"50,000.00 €"
50,50,-27.2,89.77,"50,000.00 €"
50,50,-27.3,89.77,"50,000.00 €"
50,50,-27.4,89.76,"50,000.00 €"
50,50,-27.5,89.75,"50,000.00 €"
50,50,-27.6,89.74,"50,000.00 €"
50,50,-27.7,89.73,"50,000.00 €"
50,50,-27.8,89.73,"50,000.00 €"
50,50,-27.9,89.72,"50,000.00 €"
50,50,-28.0,89.71,"50,000.00 €"
50,50,-28.1,89.70,"50,000.00 €"
50,50,-28.2,89.70,"50,000.00 €"
50,50,-28.3,89.69,"50,000.00 €"
50,50,-28.4,89.68,"50,000.00 €"
50,50,-28.5,89.67,"50,000.00 €"
50,50,-28.6,89.67,"50,000.00 €"
50,50,-28.7,89.66,"50,000.00 €"
50,50,-28.8,89.65,"45,000.00 €"
50,50,-28.9,89.65,"45,000.00 €"
50,50,-29.0,89.64,"45,000.00 €"
50,50,-29.1,89.63,"45,000.00 €"
50,50,-29.2,89.63,"45,000.00 €"
50,50,-29.3,89.62,"45,000.00 €"
50,50,-29.4,89.61,"45,000.00 €"
50,50,-29.5,89.61,"45,000.00 €"
50,50,-29.6,89.60,"45,000.00 €"
50,50,-29.7,89.59,"45,000.00 €"
50,50,-29.8,89.59,"45,000.00 €"
50,50,-29.9,89.58,"45,000.00 €"
50,50,-30.0,89.57,"45,000.00 €"
50,50,-30.1,89.57,"45,000.00 €"
50,50,-30.2,89.56,"45,000.00 €"
50,50,-30.3,89.56,"45,000.00 €"
50,50,-30.4,89.55,"45,000.00 €"
50,50,-30.5,89.54,"45,000.00 €"
50,50,-30.6,89.54,"45,000.00 €"
50,50,-30.7,89.53,"45,000.00 €"
50,50,-30.8,89.53,"45,000.00 €"
50,50,-30.9,89.52,"45,000.00 €"
50,50,-31.0,89.51,"45,000.00 €"
50,50,-31.1,89.51,"45,000.00 €"
50,50,-31.2,89.50,"45,000.00 €"
50,50,-31.3,89.50,"45,000.00 €"
50,50,-31.4,89.49,"45,000.00 €"
50,50,-31.5,89.49,"45,000.00 €"
50,50,-31.6,89.48,"45,000.00 €"
50,50,-31.7,89.48,"45,000.00 €"
50,50,-31.8,89.47,"45,000.00 €"
50,50,-31.9,89.47,"45,000.00 €"
50,50,-32.0,89.46,"45,000.00 €"
50,50,-32.1,89.46,"45,000.00 €"
50,50,-32.2,89.45,"45,000.00 €"
50,50,-32.3,89.44,"45,000.00 €"
50,50,-32.4,89.44,"45,000.00 €"
50,50,-32.5,89.43,"45,000.00 €"
50,50,-32.6,89.43,"45,000.00 €"
50,50,-32.7,89.42,"45,000.00 €"
50,50,-32.8,89.42,"45,000.00 €"
50,50,-32.9,89.42,"45,000.00 €"
50,50,-33.0,89.41,"45,000.00 €"
50,50,-33.1,89.41,"45,000.00 €"
50,50,-33.2,89.40,"45,000.00 €"
50,50,-33.3,89.40,"45,000.00 €"
50,50,-33.4,89.39,"45,000.00 €"
50,50,-33.5,89.39,"45,000.00 €"
50,50,-33.6,89.38,"45,000.00 €"
50,50,-33.7,89.38,"45,000.00 €"
50,50,-33.8,89.37,"45,000.00 €"
50,50,-33.9,89.37,"45,000.00 €"
50,50,-34.0,89.36,"45,000.00 €"
50,50,-34.1,89.36,"45,000.00 €"
50,50,-34.2,89.36,"45,000.00 €"
50,50,-34.3,89.35,"45,000.00 €"
50,50,-34.4,89.35,"45,000.00 €"
50,50,-34.5,89.34,"45,000.00 €"
50,50,-34.6,89.34,"45,000.00 €"
50,50,-34.7,89.33,"45,000.00 €"
50,50,-34.8,89.33,"45,000.00 €"
50,50,-34.9,89.33,"45,000.00 €"
50,50,-35.0,89.32,"45,000.00 €"
50,50,-35.1,89.32,"45,000.00 €"
50,50,-35.2,89.31,"45,000.00 €"
50,50,-35.3,89.31,"45,000.00 €"
50,50,-35.4,89.31,"45,000.00 €"
50,50,-35.5,89.30,"45,000.00 €"
50,50,-35.6,89.30,"45,000.00 €"
50,50,-35.7,89.29,"45,000.00 €"
50,50,-35.8,89.29,"45,000.00 €"
50,50,-35.9,89.29,"45,000.00 €"
50,50,-36.0,89.28,"45,000.00 €"
50,50,-36.1,89.28,"45,000.00 €"
50,50,-36.2,89.27,"45,000.00 €"
50,50,-36.3,89.27,"45,000.00 €"
50,50,-36.4,89.27,"45,000.00 €"
50,50,-36.5,89.26,"45,000.00 €"
50,50,-36.6,89.26,"45,000.00 €"
50,50,-36.7,89.26,"45,000.00 €"
50,50,-36.8,89.25,"45,000.00 €"
50,50,-36.9,89.25,"45,000.00 €"
50,50,-37.0,89.25,"45,000.00 €"
50,50,-37.1,89.24,"45,000.00 €"
50,50,-37.2,89.24,"45,000.00 €"
50,50,-37.3,89.24,"45,000.00 €"
50,50,-37.4,89.23,"45,000.00 €"
50,50,-37.5,89.23,"45,000.00 €"
50,50,-37.6,89.23,"45,000.00 €"
50,50,-37.7,89.22,"45,000.00 €"
50,50,-37.8,89.22,"45,000.00 €"
50,50,-37.9,89.22,"45,000.00 €"
50,50,-38.0,89.21,"45,000.00 €"
50,50,-38.1,89.21,"45,000.00 €"
50,50,-38.2,89.21,"45,000.00 €"
50,50,-38.3,89.20,"45,000.00 €"
50,50,-38.4,89.20,"45,000.00 €"
50,50,-38.5,89.20,"45,000.00 €"
50,50,-38.6,89.19,"45,000.00 €"
50,50,-38.7,89.19,"45,000.00 €"
50,50,-38.8,89.19,"45,000.00 €"
50,50,-38.9,89.18,"45,000.00 €"
50,50,-39.0,89.18,"45,000.00 €"
50,50,-39.1,89.18,"45,000.00 €"
50,50,-39.2,89.18,"45,000.00 €"
50,50,-39.3,89.17,"45,000.00 €"
50,50,-39.4,89.17,"45,000.00 €"
50,50,-39.5,89.17,"45,000.00 €"
50,50,-39.6,89.17,"45,000.00 €"
50,50,-39.7,89.16,"45,000.00 €"
50,50,-39.8,89.16,"45,000.00 €"
50,50,-39.9,89.16,"45,000.00 €"
50,50,-40.0,89.15,"45,000.00 €"
50,50,-40.1,89.15,"45,000.00 €"
50,50,-40.2,89.15,"45,000.00 €"
50,50,-40.3,89.15,"45,000.00 €"
50,50,-40.4,89.14,"45,000.00 €"
50,50,-40.5,89.14,"45,000.00 €"
50,50,-40.6,89.14,"45,000.00 €"
50,50,-40.7,89.14,"45,000.00 €"
50,50,-40.8,89.13,"45,000.00 €"
50,50,-40.9,89.13,"45,000.00 €"
50,50,-41.0,89.13,"45,000.00 €"
50,50,-41.1,89.13,"45,000.00 €"
50,50,-41.2,89.12,"45,000.00 €"
50,50,-41.3,89.12,"45,000.00 €"
50,50,-41.4,89.12,"45,000.00 €"
50,50,-41.5,89.12,"45,000.00 €"
50,50,-41.6,89.12,"45,000.00 €"
50,50,-41.7,89.11,"45,000.00 €"
50,50,-41.8,89.11,"45,000.00 €"
50,50,-41.9,89.11,"45,000.00 €"
50,50,-42.0,89.11,"45,000.00 €"
50,50,-42.1,89.10,"45,000.00 €"
50,50,-42.2,89.10,"45,000.00 €"
50,50,-42.3,89.10,"45,000.00 €"
50,50,-42.4,89.10,"45,000.00 €"
50,50,-42.5,89.10,"45,000.00 €"
50,50,-42.6,89.09,"45,000.00 €"
50,50,-42.7,89.09,"45,000.00 €"
50,50,-42.8,89.09,"45,000.00 €"
50,50,-42.9,89.09,"45,000.00 €"
50,50,-43.0,89.09,"45,000.00 €"
50,50,-43.1,89.08,"45,000.00 €"
50,50,-43.2,89.08,"45,000.00 €"
50,50,-43.3,89.08,"45,000.00 €"
50,50,-43.4,89.08,"45,000.00 €"
50,50,-43.5,89.08,"45,000.00 €"
50,50,-43.6,89.07,"45,000.00 €"
50,50,-43.7,89.07,"45,000.00 €"
50,50,-43.8,89.07,"45,000.00 €"
50,50,-43.9,89.07,"45,000.00 €"
50,50,-44.0,89.07,"45,000.00 €"
50,50,-44.1,89.06,"45,000.00 €"
50,50,-44.2,89.06,"45,000.00 €"
50,50,-44.3,89.06,"45,000.00 €"
50,50,-44.4,89.06,"45,000.00 €"
50,50,-44.5,89.06,"45,000.00 €"
50,50,-44.6,89.06,"45,000.00 €"
50,50,-44.7,89.05,"45,000.00 €"
50,50,-44.8,89.05,"45,000.00 €"
50,50,-44.9,89.05,"45,000.00 €"
50,50,-45.0,89.05,"45,000.00 €"
50,50,-45.1,89.05,"45,000.00 €"
50,50,-45.2,89.05,"45,000.00 €"
50,50,-45.3,89.04,"45,000.00 €"
50,50,-45.4,89.04,"45,000.00 €"
50,50,-45.5,89.04,"45,000.00 €"
50,50,-45.6,89.04,"45,000.00 €"
50,50,-45.7,89.04,"45,000.00 €"
50,50,-45.8,89.04,"45,000.00 €"
50,50,-45.9,89.03,"45,000.00 €"
50,50,-46.0,89.03,"45,000.00 €"
50,50,-46.1,89.03,"45,000.00 €"
50,50,-46.2,89.03,"45,000.00 €"
50,50,-46.3,89.03,"45,000.00 €"
50,50,-46.4,89.03,"45,000.00 €"
50,50,-46.5,89.02,"45,000.00 €"
50,50,-46.6,89.02,"45,000.00 €"
50,50,-46.7,89.02,"45,000.00 €"
50,50,-46.8,89.02,"45,000.00 €"
50,50,-46.9,89.02,"45,000.00 €"
50,50,-47.0,89.02,"45,000.00 €"
50,50,-47.1,89.01,"45,000.00 €"
50,50,-47.2,89.01,"45,000.00 €"
50,50,-47.3,89.01,"45,000.00 €"
50,50,-47.4,89.01,"45,000.00 €"
50,50,-47.5,89.01,"45,000.00 €"
50,50,-47.6,89.01,"45,000.00 €"
50,50,-47.7,89.01,"45,000.00 €"
50,50,-47.8,89.00,"45,000.00 €"
50,50,-47.9,89.00,"45,000.00 €"
50,50,-48.0,89.00,"45,000.00 €"
50,50,-48.1,89.00,"45,000.00 €"
50,50,-48.2,89.00,"45,000.00 €"
50,50,-48.3,89.00,"45,000.00 €"
50,50,-48.4,89.00,"45,000.00 €"
50,50,-48.5,88.99,"45,000.00 €"
50,50,-48.6,88.99,"45,000.00 €"
50,50,-48.7,88.99,"45,000.00 €"
50,50,-48.8,88.99,"45,000.00 €"
50,50,-48.9,88.99,"45,000.00 €"
50,50,-49.0,88.99,"45,000.00 €"
50,50,-49.1,88.99,"45,000.00 €"
50,50,-49.2,88.98,"45,000.00 €"
50,50,-49.3,88.98,"45,000.00 €"
50,50,-49.4,88.98,"45,000.00 €"
50,50,-49.5,88.98,"45,000.00 €"
50,50,-49.6,88.98,"40,000.00 €"
50,50,-49.7,88.98,"40,000.00 €"
50,50,-49.8,88.98,"40,000.00 €"
50,50,-49.9,88.97,"40,000.00 €"
50,50,-50.0,88.97,"40,000.00 €"
50,50,-50.1,88.97,"40,000.00 €"
50,50,-50.2,88.97,"40,000.00 €"
50,50,-50.3,88.97,"40,000.00 €"
50,50,-50.4,88.97,"40,000.00 €"
50,50,-50.5,88.97,"40,000.00 €"
50,50,-50.6,88.96,"40,000.00 €"
50,50,-50.7,88.96,"40,000.00 €"
50,50,-50.8,88.96,"40,000.00 €"
50,50,-50.9,88.96,"40,000.00 €"
50,50,-51.0,88.96,"40,000.00 €"
50,50,-51.1,88.96,"40,000.00 €"
50,50,-51.2,88.96,"40,000.00 €"
50,50,-51.3,88.95,"40,000.00 €"
50,50,-51.4,88.95,"40,000.00 €"
50,50,-51.5,88.95,"40,000.00 €"
50,50,-51.6,88.95,"40,000.00 €"
50,50,-51.7,88.95,"40,000.00 €"
50,50,-51.8,88.95,"40,000.00 €"
50,50,-51.9,88.95,"40,000.00 €"
50,50,-52.0,88.95,"40,000.00 €"
50,50,-52.1,88.94,"40,000.00 €"
50,50,-52.2,88.94,"40,000.00 €"
50,50,-52.3,88.94,"40,000.00 €"
50,50,-52.4,88.94,"40,000.00 €"
50,50,-52.5,88.94,"40,000.00 €"
50,50,-52.6,88.94,"40,000.00 €"
50,50,-52.7,88.94,"40,000.00 €"
50,50,-52.8,88.94,"40,000.00 €"
50,50,-52.9,88.93,"40,000.00 €"
50,50,-53.0,88.93,"40,000.00 €"
50,50,-53.1,88.93,"40,000.00 €"
50,50,-53.2,88.93,"40,000.00 €"
50,50,-53.3,88.93,"40,000.00 €"
50,50,-53.4,88.93,"40,000.00 €"
50,50,-53.5,88.93,"40,000.00 €"
50,50,-53.6,88.93,"40,000.00 €"
50,50,-53.7,88.93,"40,000.00 €"
50,50,-53.8,88.92,"40,000.00 €"
50,50,-53.9,88.92,"40,000.00 €"
50,50,-54.0,88.92,"40,000.00 €"
50,50,-54.1,88.92,"40,000.00 €"
50,50,-54.2,88.92,"40,000.00 €"
50,50,-54.3,88.92,"40,000.00 €"
50,50,-54.4,88.92,"40,000.00 €"
50,50,-54.5,88.92,"40,000.00 €"
50,50,-54.6,88.91,"40,000.00 €"
50,50,-54.7,88.91,"40,000.00 €"
50,50,-54.8,88.91,"40,000.00 €"
50,50,-54.9,88.91,"40,000.00 €"
50,50,-55.0,88.91,"40,000.00 €"
50,50,-55.1,88.91,"40,000.00 €"
50,50,-55.2,88.91,"40,000.00 €"
50,50,-55.3,88.91,"40,000.00 €"
50,50,-55.4,88.91,"40,000.00 €"
50,50,-55.5,88.91,"40,000.00 €"
50,50,-55.6,88.90,"40,000.00 €"
50,50,-55.7,88.90,"40,000.00 €"
50,50,-55.8,88.90,"40,000.00 €"
50,50,-55.9,88.90,"40,000.00 €"
50,50,-56.0,88.90,"40,000.00 €"
50,50,-56.1,88.90,"40,000.00 €"
50,50,-56.2,88.90,"40,000.00 €"
50,50,-56.3,88.90,"40,000.00 €"
50,50,-56.4,88.90,"40,000.00 €"
50,50,-56.5,88.90,"40,000.00 €"
50,50,-56.6,88.90,"40,000.00 €"
50,50,-56.7,88.89,"40,000.00 €"
50,50,-56.8,88.89,"40,000.00 €"
50,50,-56.9,88.89,"40,000.00 €"
50,50,-57.0,88.89,"40,000.00 €"
50,50,-57.1,88.89,"40,000.00 €"
50,50,-57.2,88.89,"40,000.00 €"
50,50,-57.3,88.89,"40,000.00 €"
50,50,-57.4,88.89,"40,000.00 €"
50,50,-57.5,88.89,"40,000.00 €"
50,50,-57.6,88.89,"40,000.00 €"
50,50,-57.7,88.89,"40,000.00 €"
50,50,-57.8,88.89,"40,000.00 €"
50,50,-57.9,88.89,"40,000.00 €"
50,50,-58.0,88.89,"40,000.00 €"
50,50,-58.1,88.89,"40,000.00 €"
50,50,-58.2,88.89,"40,000.00 €"
50,50,-58.3,88.89,"40,000.00 €"
50,50,-58.4,88.89,"40,000.00 €"
50,50,-58.5,88.89,"40,000.00 €"
50,50,-58.6,88.89,"40,000.00 €"
50,50,-58.7,88.89,"40,000.00 €"
50,50,-58.8,88.89,"40,000.00 €"
50,50,-58.9,88.89,"40,000.00 €"
50,50,-59.0,88.89,"40,000.00 €"
50,50,-59.1,88.89,"40,000.00 €"
50,50,-59.2,88.89,"40,000.00 €"
50,50,-59.3,88.89,"40,000.00 €"
50,50,-59.4,88.89,"40,000.00 €"
50,50,-59.5,88.89,"40,000.00 €"
50,50,-59.6,88.89,"40,000.00 €"
50,50,-59.7,88.89,"40,000.00 €"
50,50,-59.8,88.89,"40,000.00 €"
50,50,-59.9,88.89,"40,000.00 €"
50,50,-60.0,88.89,"40,000.00 €"
50,50,-60.1,88.89,"40,000.00 €"
50,50,-60.2,88.89,"40,000.00 €"
50,50,-60.3,88.89,"40,000.00 €"
50,50,-60.4,88.89,"40,000.00 €"
50,50,-60.5,88.89,"40,000.00 €"
50,50,-60.6,88.89,"40,000.00 €"
50,50,-60.7,88.89,"40,000.00 €"
50,50,-60.8,88.89,"40,000.00 €"
50,50,-60.9,88.89,"40,000.00 €"
50,50,-61.0,88.89,"40,000.00 €"
50,50,-61.1,88.89,"40,000.00 €"
50,50,-61.2,88.89,"40,000.00 €"
50,50,-61.3,88.89,"40,000.00 €"
50,50,-61.4,88.89,"40,000.00 €"
50,50,-61.5,88.89,"40,000.00 €"
50,50,-61.6,88.89,"40,000.00 €"
50,50,-61.7,88.89,"40,000.00 €"
50,50,-61.8,88.89,"40,000.00 €"
50,50,-61.9,88.89,"40,000.00 €"
50,50,-62.0,88.89,"40,000.00 €"
50,50,-62.1,88.89,"40,000.00 €"
50,50,-62.2,88.89,"40,000.00 €"
50,50,-62.3,88.89,"40,000.00 €"
50,50,-62.4,88.89,"40,000.00 €"
50,50,-62.5,88.89,"40,000.00 €"
50,50,-62.6,88.89,"40,000.00 €"
50,50,-62.7,88.89,"40,000.00 €"
50,50,-62.8,88.89,"40,000.00 €"
50,50,-62.9,88.89,"40,000.00 €"
50,50,-63.0,88.89,"40,000.00 €"
50,50,-63.1,88.89,"40,000.00 €"
50,50,-63.2,88.89,"40,000.00 €"
50,50,-63.3,88.89,"40,000.00 €"
50,50,-63.4,88.89,"40,000.00 €"
50,50,-63.5,88.89,"40,000.00 €"
50,50,-63.6,88.89,"40,000.00 €"
50,50,-63.7,88.89,"40,000.00 €"
50,50,-63.8,88.89,"40,000.00 €"
50,50,-63.9,88.89,"40,000.00 €"
50,50,-64.0,88.89,"40,000.00 €"
50,50,-64.1,88.89,"40,000.00 €"
50,50,-64.2,88.89,"40,000.00 €"
50,50,-64.3,88.89,"40,000.00 €"
50,50,-64.4,88.89,"40,000.00 €"
50,50,-64.5,88.89,"40,000.00 €"
50,50,-64.6,88.89,"40,000.00 €"
50,50,-64.7,88.89,"40,000.00 €"
50,50,-64.8,88.89,"40,000.00 €"
50,50,-64.9,88.89,"40,000.00 €"
50,50,-65.0,88.89,"40,000.00 €"
50,50,-65.1,88.89,"40,000.00 €"
50,50,-65.2,88.89,"40,000.00 €"
50,50,-65.3,88.89,"40,000.00 €"
50,50,-65.4,88.89,"40,000.00 €"
50,50,-65.5,88.89,"40,000.00 €"
50,50,-65.6,88.89,"40,000.00 €"
50,50,-65.7,88.89,"40,000.00 €"
50,50,-65.8,88.89,"40,000.00 €"
50,50,-65.9,88.89,"40,000.00 €"
50,50,-66.0,88.89,"40,000.00 €"
50,50,-66.1,88.89,"40,000.00 €"
50,50,-66.2,88.89,"40,000.00 €"
50,50,-66.3,88.89,"40,000.00 €"
50,50,-66.4,88.89,"40,000.00 €"
50,50,-66.5,88.89,"40,000.00 €"
50,50,-66.6,88.89,"40,000.00 €"
50,50,-66.7,88.89,"40,000.00 €"
50,50,-66.8,88.89,"40,000.00 €"
50,50,-66.9,88.89,"40,000.00 €"
50,50,-67.0,88.89,"40,000.00 €"
50,50,-67.1,88.89,"40,000.00 €"
50,50,-67.2,88.89,"40,000.00 €"
50,50,-67.3,88.89,"40,000.00 €"
50,50,-67.4,88.89,"40,000.00 €"
50,50,-67.5,88.89,"40,000.00 €"
50,50,-67.6,88.89,"40,000.00 €"
50,50,-67.7,88.89,"40,000.00 €"
50,50,-67.8,88.89,"40,000.00 €"
50,50,-67.9,88.89,"40,000.00 €"
50,50,-68.0,88.89,"40,000.00 €"
50,50,-68.1,88.89,"40,000.00 €"
50,50,-68.2,88.89,"40,000.00 €"
50,50,-68.3,88.89,"40,000.00 €"
50,50,-68.4,88.89,"40,000.00 €"
50,50,-68.5,88.89,"40,000.00 €"
50,50,-68.6,88.89,"40,000.00 €"
50,50,-68.7,88.89,"40,000.00 €"
50,50,-68.8,88.89,"40,000.00 €"
50,50,-68.9,88.89,"40,000.00 €"
50,50,-69.0,88.89,"40,000.00 €"
50,50,-69.1,88.89,"40,000.00 €"
50,50,-69.2,88.89,"40,000.00 €"
50,50,-69.3,88.89,"40,000.00 €"
50,50,-69.4,88.89,"40,000.00 €"
50,50,-69.5,88.89,"40,000.00 €"
50,50,-69.6,88.89,"40,000.00 €"
50,50,-69.7,88.89,"40,000.00 €"
50,50,-69.8,88.89,"40,000.00 €"
50,50,-69.9,88.89,"40,000.00 €"
50,50,-70.0,88.89,"40,000.00 €"
50,50,-70.1,88.89,"40,000.00 €"
50,50,-70.2,88.89,"40,000.00 €"
50,50,-70.3,88.89,"40,000.00 €"
50,50,-70.4,88.89,"40,000.00 €"
50,50,-70.5,88.89,"40,000.00 €"
50,50,-70.6,88.89,"40,000.00 €"
50,50,-70.7,88.89,"40,000.00 €"
50,50,-70.8,88.89,"40,000.00 €"
50,50,-70.9,88.89,"40,000.00 €"
50,50,-71.0,88.89,"40,000.00 €"
50,50,-71.1,88.89,"40,000.00 €"
50,50,-71.2,88.89,"40,000.00 €"
50,50,-71.3,88.89,"40,000.00 €"
50,50,-71.4,88.89,"40,000.00 €"
50,50,-71.5,88.89,"40,000.00 €"
50,50,-71.6,88.89,"40,000.00 €"
50,50,-71.7,88.89,"40,000.00 €"
50,50,-71.8,88.89,"40,000.00 €"
50,50,-71.9,88.89,"40,000.00 €"
50,50,-72.0,88.89,"40,000.00 €"
50,50,-72.1,88.89,"40,000.00 €"
50,50,-72.2,88.89,"40,000.00 €"
50,50,-72.3,88.89,"40,000.00 €"
50,50,-72.4,88.89,"40,000.00 €"
50,50,-72.5,88.89,"40,000.00 €"
50,50,-72.6,88.89,"40,000.00 €"
50,50,-72.7,88.89,"40,000.00 €"
50,50,-72.8,88.89,"40,000.00 €"
50,50,-72.9,88.89,"40,000.00 €"
50,50,-73.0,88.89,"40,000.00 €"
50,50,-73.1,88.89,"40,000.00 €"
50,50,-73.2,88.89,"40,000.00 €"
50,50,-73.3,88.89,"40,000.00 €"
50,50,-73.4,88.89,"40,000.00 €"
50,50,-73.5,88.89,"40,000.00 €"
50,50,-73.6,88.89,"40,000.00 €"
50,50,-73.7,88.89,"40,000.00 €"
50,50,-73.8,88.89,"40,000.00 €"
50,50,-73.9,88.89,"40,000.00 €"
50,50,-74.0,88.89,"40,000.00 €"
50,50,-74.1,88.89,"40,000.00 €"
50,50,-74.2,88.89,"40,000.00 €"
50,50,-74.3,88.89,"40,000.00 €"
50,50,-74.4,88.89,"40,000.00 €"
50,50,-74.5,88.89,"40,000.00 €"
50,50,-74.6,88.89,"40,000.00 €"
50,50,-74.7,88.89,"40,000.00 €"
50,50,-74.8,88.89,"40,000.00 €"
50,50,-74.9,88.89,"40,000.00 €"
50,50,-75.0,88.89,"40,000.00 €"
50,50,-75.1,88.89,"40,000.00 €"
50,50,-75.2,88.89,"40,000.00 €"
50,50,-75.3,88.89,"40,000.00 €"
50,50,-75.4,88.89,"40,000.00 €"
50,50,-75.5,88.89,"40,000.00 €"
50,50,-75.6,88.89,"40,000.00 €"
50,50,-75.7,88.89,"40,000.00 €"
50,50,-75.8,88.89,"40,000.00 €"
50,50,-75.9,88.89,"40,000.00 €"
50,50,-76.0,88.89,"40,000.00 €"
50,50,-76.1,88.89,"40,000.00 €"
50,50,-76.2,88.89,"40,000.00 €"
50,50,-76.3,88.89,"40,000.00 €"
50,50,-76.4,88.89,"40,000.00 €"
50,50,-76.5,88.89,"40,000.00 €"
50,50,-76.6,88.89,"40,000.00 €"
50,50,-76.7,88.89,"40,000.00 €"
50,50,-76.8,88.89,"40,000.00 €"
50,50,-76.9,88.89,"40,000.00 €"
50,50,-77.0,88.89,"40,000.00 €"
50,50,-77.1,88.89,"40,000.00 €"
50,50,-77.2,88.89,"40,000.00 €"
50,50,-77.3,88.89,"40,000.00 €"
50,50,-77.4,88.89,"40,000.00 €"
50,50,-77.5,88.89,"40,000.00 €"
50,50,-77.6,88.89,"40,000.00 €"
50,50,-77.7,88.89,"40,000.00 €"
50,50,-77.8,88.89,"40,000.00 €"
50,50,-77.9,88.89,"40,000.00 €"
50,50,-78.0,88.89,"40,000.00 €"
50,50,-78.1,88.89,"40,000.00 €"
50,50,-78.2,88.89,"40,000.00 €"
50,50,-78.3,88.89,"40,000.00 €"
50,50,-78.4,88.89,"40,000.00 €"
50,50,-78.5,88.89,"40,000.00 €"
50,50,-78.6,88.89,"40,000.00 €"
50,50,-78.7,88.89,"40,000.00 €"
50,50,-78.8,88.89,"40,000.00 €"
50,50,-78.9,88.89,"40,000.00 €"
50,50,-79.0,88.89,"40,000.00 €"
50,50,-79.1,88.89,"40,000.00 €"
50,50,-79.2,88.89,"40,000.00 €"
50,50,-79.3,88.89,"40,000.00 €"
50,50,-79.4,88.89,"40,000.00 €"
50,50,-79.5,88.89,"40,000.00 €"
50,50,-79.6,88.89,"40,000.00 €"
50,50,-79.7,88.89,"40,000.00 €"
50,50,-79.8,88.89,"40,000.00 €"
50,50,-79.9,88.89,"40,000.00 €"
50,50,-80.0,88.89,"40,000.00 €"
50,50,-80.1,88.89,"40,000.00 €"
50,50,-80.2,88.89,"40,000.00 €"
50,50,-80.3,88.89,"40,000.00 €"
50,50,-80.4,88.89,"40,000.00 €"
50,50,-80.5,88.89,"40,000.00 €"
50,50,-80.6,88.89,"40,000.00 €"
50,50,-80.7,88.89,"40,000.00 €"
50,50,-80.8,88.89,"40,000.00 €"
50,50,-80.9,88.89,"40,000.00 €"
50,50,-81.0,88.89,"40,000.00 €"
50,50,-81.1,88.89,"40,000.00 €"
50,50,-81.2,88.89,"40,000.00 €"
50,50,-81.3,88.89,"40,000.00 €"
50,50,-81.4,88.89,"40,000.00 €"
50,50,-81.5,88.89,"40,000.00 €"
50,50,-81.6,88.89,"40,000.00 €"
50,50,-81.7,88.89,"40,000.00 €"
50,50,-81.8,88.89,"40,000.00 €"
50,50,-81.9,88.89,"40,000.00 €"
50,50,-82.0,88.89,"40,000.00 €"
50,50,-82.1,88.89,"40,000.00 €"
50,50,-82.2,88.89,"40,000.00 €"
50,50,-82.3,88.89,"40,000.00 €"
50,50,-82.4,88.89,"40,000.00 €"
50,50,-82.5,88.89,"40,000.00 €"
50,50,-82.6,88.89,"40,000.00 €"
50,50,-82.7,88.89,"40,000.00 €"
50,50,-82.8,88.89,"40,000.00 €"
50,50,-82.9,88.89,"40,000.00 €"
50,50,-83.0,88.89,"40,000.00 €"
50,50,-83.1,88.89,"40,000.00 €"
50,50,-83.2,88.89,"40,000.00 €"
50,50,-83.3,88.89,"40,000.00 €"
50,50,-83.4,88.89,"40,000.00 €"
50,50,-83.5,88.89,"40,000.00 €"
50,50,-83.6,88.89,"40,000.00 €"
50,50,-83.7,88.89,"40,000.00 €"
50,50,-83.8,88.89,"40,000.00 €"
50,50,-83.9,88.89,"40,000.00 €"
50,50,-84.0,88.89,"40,000.00 €"
50,50,-84.1,88.89,"40,000.00 €"
50,50,-84.2,88.89,"40,000.00 €"
50,50,-84.3,88.89,"40,000.00 €"
50,50,-84.4,88.89,"40,000.00 €"
50,50,-84.5,88.89,"40,000.00 €"
50,50,-84.6,88.89,"40,000.00 €"
50,50,-84.7,88.89,"40,000.00 €"
50,50,-84.8,88.89,"40,000.00 €"
50,50,-84.9,88.89,"40,000.00 €"
50,50,-85.0,88.89,"40,000.00 €"
50,50,-85.1,88.89,"40,000.00 €"
50,50,-85.2,88.89,"40,000.00 €"
50,50,-85.3,88.89,"40,000.00 €"
50,50,-85.4,88.89,"40,000.00 €"
50,50,-85.5,88.89,"40,000.00 €"
50,50,-85.6,88.89,"40,000.00 €"
50,50,-85.7,88.89,"40,000.00 €"
50,50,-85.8,88.89,"40,000.00 €"
50,50,-85.9,88.89,"40,000.00 €"
50,50,-86.0,88.89,"40,000.00 €"
50,50,-86.1,88.89,"40,000.00 €"
50,50,-86.2,88.89,"40,000.00 €"
50,50,-86.3,88.89,"40,000.00 €"
50,50,-86.4,88.89,"40,000.00 €"
50,50,-86.5,88.89,"40,000.00 €"
50,50,-86.6,88.89,"40,000.00 €"
50,50,-86.7,88.89,"40,000.00 €"
50,50,-86.8,88.89,"40,000.00 €"
50,50,-86.9,88.89,"40,000.00 €"
50,50,-87.0,88.89,"40,000.00 €"
50,50,-87.1,88.89,"40,000.00 €"
50,50,-87.2,88.89,"40,000.00 €"
50,50,-87.3,88.89,"40,000.00 €"
50,50,-87.4,88.89,"40,000.00 €"
50,50,-87.5,88.89,"40,000.00 €"
50,50,-87.6,88.89,"40,000.00 €"
50,50,-87.7,88.89,"40,000.00 €"
50,50,-87.8,88.89,"40,000.00 €"
50,50,-87.9,88.89,"40,000.00 €"
50,50,-88.0,88.89,"40,000.00 €"
50,50,-88.1,88.89,"40,000.00 €"
50,50,-88.2,88.89,"40,000.00 €"
50,50,-88.3,88.89,"40,000.00 €"
50,50,-88.4,88.89,"40,000.00 €"
50,50,-88.5,88.89,"40,000.00 €"
50,50,-88.6,88.89,"40,000.00 €"
50,50,-88.7,88.89,"40,000.00 €"
50,50,-88.8,88.89,"40,000.00 €"
50,50,-88.9,88.89,"40,000.00 €"
50,50,-89.0,88.89,"40,000.00 €"
50,50,-89.1,88.89,"40,000.00 €"
50,50,-89.2,88.89,"40,000.00 €"
50,50,-89.3,88.89,"40,000.00 €"
50,50,-89.4,88.89,"40,000.00 €"
50,50,-89.5,88.89,"40,000.00 €"
50,50,-89.6,88.89,"40,000.00 €"
50,50,-89.7,88.89,"40,000.00 €"
50,50,-89.8,88.89,"40,000.00 €"
50,50,-89.9,88.89,"40,000.00 €"
50,50,-90.0,88.89,"40,000.00 €"
50,50,-90.1,88.89,"40,000.00 €"
50,50,-90.2,88.89,"40,000.00 €"
50,50,-90.3,88.89,"40,000.00 €"
50,50,-90.4,88.89,"40,000.00 €"
50,50,-90.5,88.89,"40,000.00 €"
50,50,-90.6,88.89,"40,000.00 €"
50,50,-90.7,88.89,"40,000.00 €"
50,50,-90.8,88.89,"40,000.00 €"
50,50,-90.9,88.89,"40,000.00 €"
50,50,-91.0,88.89,"40,000.00 €"
50,50,-91.1,88.89,"40,000.00 €"
50,50,-91.2,88.89,"40,000.00 €"
50,50,-91.3,88.89,"40,000.00 €"
50,50,-91.4,88.89,"40,000.00 €"
50,50,-91.5,88.89,"40,000.00 €"
50,50,-91.6,88.89,"40,000.00 €"
50,50,-91.7,88.89,"40,000.00 €"
50,50,-91.8,88.89,"40,000.00 €"
50,50,-91.9,88.89,"40,000.00 €"
50,50,-92.0,88.89,"40,000.00 €"
50,50,-92.1,88.89,"40,000.00 €"
50,50,-92.2,88.89,"40,000.00 €"
50,50,-92.3,88.89,"40,000.00 €"
50,50,-92.4,88.89,"40,000.00 €"
50,50,-92.5,88.89,"40,000.00 €"
50,50,-92.6,88.89,"40,000.00 €"
50,50,-92.7,88.89,"40,000.00 €"
50,50,-92.8,88.89,"40,000.00 €"
50,50,-92.9,88.89,"40,000.00 €"
50,50,-93.0,88.89,"40,000.00 €"
50,50,-93.1,88.89,"40,000.00 €"
50,50,-93.2,88.89,"40,000.00 €"
50,50,-93.3,88.89,"40,000.00 €"
50,50,-93.4,88.89,"40,000.00 €"
50,50,-93.5,88.89,"40,000.00 €"
50,50,-93.6,88.89,"40,000.00 €"
50,50,-93.7,88.89,"40,000.00 €"
50,50,-93.8,88.89,"40,000.00 €"
50,50,-93.9,88.89,"40,000.00 €"
50,50,-94.0,88.89,"40,000.00 €"
50,50,-94.1,88.89,"40,000.00 €"
50,50,-94.2,88.89,"40,000.00 €"
50,50,-94.3,88.89,"40,000.00 €"
50,50,-94.4,88.89,"40,000.00 €"
50,50,-94.5,88.89,"40,000.00 €"
50,50,-94.6,88.89,"40,000.00 €"
50,50,-94.7,88.89,"40,000.00 €"
50,50,-94.8,88.89,"40,000.00 €"
50,50,-94.9,88.89,"40,000.00 €"
50,50,-95.0,88.89,"40,000.00 €"
50,50,-95.1,88.89,"40,000.00 €"
50,50,-95.2,88.89,"40,000.00 €"
50,50,-95.3,88.89,"40,000.00 €"
50,50,-95.4,88.89,"40,000.00 €"
50,50,-95.5,88.89,"40,000.00 €"
50,50,-95.6,88.89,"40,000.00 €"
50,50,-95.7,88.89,"40,000.00 €"
50,50,-95.8,88.89,"40,000.00 €"
50,50,-95.9,88.89,"40,000.00 €"
50,50,-96.0,88.89,"40,000.00 €"
50,50,-96.1,88.89,"40,000.00 €"
50,50,-96.2,88.89,"40,000.00 €"
50,50,-96.3,88.89,"40,000.00 €"
50,50,-96.4,88.89,"40,000.00 €"
50,50,-96.5,88.89,"40,000.00 €"
50,50,-96.6,88.89,"40,000.00 €"
50,50,-96.7,88.89,"40,000.00 €"
50,50,-96.8,88.89,"40,000.00 €"
50,50,-96.9,88.89,"40,000.00 €"
50,50,-97.0,88.89,"40,000.00 €"
50,50,-97.1,88.89,"40,000.00 €"
50,50,-97.2,88.89,"40,000.00 €"
50,50,-97.3,88.89,"40,000.00 €"
50,50,-97.4,88.89,"40,000.00 €"
50,50,-97.5,88.89,"40,000.00 €"
50,50,-97.6,88.89,"40,000.00 €"
50,50,-97.7,88.89,"40,000.00 €"
50,50,-97.8,88.89,"40,000.00 €"
50,50,-97.9,88.89,"40,000.00 €"
50,50,-98.0,88.89,"40,000.00 €"
50,50,-98.1,88.89,"40,000.00 €"
50,50,-98.2,88.89,"40,000.00 €"
50,50,-98.3,88.89,"40,000.00 €"
50,50,-98.4,88.89,"40,000.00 €"
50,50,-98.5,88.89,"40,000.00 €"
50,50,-98.6,88.89,"40,000.00 €"
50,50,-98.7,88.89,"40,000.00 €"
50,50,-98.8,88.89,"40,000.00 €"
50,50,-98.9,88.89,"40,000.00 €"
50,50,-99.0,88.89,"40,000.00 €"
50,50,-99.1,88.89,"40,000.00 €"
50,50,-99.2,88.89,"40,000.00 €"
50,50,-99.3,88.89,"40,000.00 €"
50,50,-99.4,88.89,"40,000.00 €"
50,50,-99.5,88.89,"40,000.00 €"
50,50,-99.6,88.89,"40,000.00 €"
50,50,-99.7,88.89,"40,000.00 €"
50,50,-99.8,88.89,"40,000.00 €"
50,50,-99.9,88.89,"40,000.00 €"
50,50,-100.0,88.89,"40,000.00 €"
